-- SIBiSC Seed SQL Script
-- Generated: 2026-05-24T23:42:53.536Z

-- Clean existing data
TRUNCATE public.book_inventory CASCADE;
TRUNCATE public.books CASCADE;
TRUNCATE public.library_units CASCADE;
TRUNCATE public.news_posts CASCADE;
TRUNCATE public.events CASCADE;

-- Seed library_units
INSERT INTO public.library_units (id, name, neighborhood, address, hours, contact, latitude, longitude) VALUES ('u1', 'Biblioteca Central', 'Centro', 'Rua Episcopal, 1415 - Centro', 'Seg-Sex 8h-20h | Sab 9h-13h', '(16) 3371-0001', -22.018, -47.893);
INSERT INTO public.library_units (id, name, neighborhood, address, hours, contact, latitude, longitude) VALUES ('u2', 'Biblioteca Vila Prado', 'Vila Prado', 'Rua Bernardino de Campos, 980 - Vila Prado', 'Seg-Sex 9h-19h | Sab 9h-13h', '(16) 3371-0002', -22.028, -47.902);
INSERT INTO public.library_units (id, name, neighborhood, address, hours, contact, latitude, longitude) VALUES ('u3', 'Biblioteca Cidade Aracy', 'Cidade Aracy', 'Avenida Regit Arab, 420 - Cidade Aracy', 'Seg-Sex 9h-18h', '(16) 3371-0003', -22.056, -47.878);
INSERT INTO public.library_units (id, name, neighborhood, address, hours, contact, latitude, longitude) VALUES ('u4', 'BibCom UFSCar', 'Monjolinho', 'Rodovia Washington Luis, km 235 - Monjolinho', 'Seg-Sex 8h-22h | Sab 9h-18h', '(16) 3371-0004', -21.98, -47.882);

-- Seed books
INSERT INTO public.books (id, category, title, author, isbn, year, publisher, pages, summary) VALUES ('b1', 'Romance', 'Memorias Postumas de Bras Cubas', 'Machado de Assis', '978-85-359-0277-7', 1881, 'Companhia das Letras', 256, 'Classico da literatura brasileira com narracao ironica e estrutura inovadora.');
INSERT INTO public.books (id, category, title, author, isbn, year, publisher, pages, summary) VALUES ('b2', 'Memorialismo', 'Quarto de Despejo', 'Carolina Maria de Jesus', '978-85-333-0285-9', 1960, 'Atica', 208, 'Diario poderoso sobre desigualdade, cidade e sobrevivencia.');
INSERT INTO public.books (id, category, title, author, isbn, year, publisher, pages, summary) VALUES ('b3', 'Romance', 'Dom Casmurro', 'Machado de Assis', '978-85-359-0376-7', 1899, 'Penguin Companhia', 288, 'Narrativa sobre memoria, ciume e ambiguidade.');
INSERT INTO public.books (id, category, title, author, isbn, year, publisher, pages, summary) VALUES ('b4', 'Romance', 'Grande Sertao: Veredas', 'Joao Guimaraes Rosa', '978-85-209-1441-9', 1956, 'Nova Fronteira', 624, 'Travessia epica pela linguagem e pelo sertao brasileiro.');
INSERT INTO public.books (id, category, title, author, isbn, year, publisher, pages, summary) VALUES ('b5', 'Naturalismo', 'O Cortico', 'Aluisio Azevedo', '978-85-359-0418-4', 1890, 'LPM', 304, 'Romance sobre cidade, habitacao coletiva e tensoes sociais.');
INSERT INTO public.books (id, category, title, author, isbn, year, publisher, pages, summary) VALUES ('b6', 'Romance', 'Ensaio sobre a Cegueira', 'Jose Saramago', '978-85-359-0706-2', 1995, 'Companhia das Letras', 320, 'Fabula contemporanea sobre colapso social e solidariedade.');
INSERT INTO public.books (id, category, title, author, isbn, year, publisher, pages, summary) VALUES ('b7', 'Romance', 'Vidas Secas', 'Graciliano Ramos', '978-85-359-0211-1', 1938, 'Record', 176, 'Retrato seco e potente da migracao e da sobrevivencia no sertao.');
INSERT INTO public.books (id, category, title, author, isbn, year, publisher, pages, summary) VALUES ('b8', 'Nao Ficcao', 'Sapiens: Uma Breve Historia da Humanidade', 'Yuval Noah Harari', '978-85-8057-469-3', 2011, 'L&PM Editores', 464, 'Narrativa ampla sobre cultura, cognicao e economia na historia humana.');

-- Seed book_inventory
INSERT INTO public.book_inventory (book_id, unit_id, available, total, call_number, shelf, distance_by_neighborhood) VALUES ('b1', 'u1', 2, 3, 'B869.3 M149m', 'Estante 800.1', '{"Centro":"1.2km","Vila Prado":"2.4km","Cidade Aracy":"8.5km","Monjolinho":"3.1km"}'::jsonb);
INSERT INTO public.book_inventory (book_id, unit_id, available, total, call_number, shelf, distance_by_neighborhood) VALUES ('b1', 'u2', 1, 2, 'B869.3 M149m', 'Estante 800.1', '{"Centro":"2.2km","Vila Prado":"0.8km","Cidade Aracy":"7.1km","Monjolinho":"4.8km"}'::jsonb);
INSERT INTO public.book_inventory (book_id, unit_id, available, total, call_number, shelf, distance_by_neighborhood) VALUES ('b2', 'u1', 1, 1, '869.94 J58q', 'Estante 800.4', '{"Centro":"1.2km","Vila Prado":"2.4km","Cidade Aracy":"8.5km","Monjolinho":"3.1km"}'::jsonb);
INSERT INTO public.book_inventory (book_id, unit_id, available, total, call_number, shelf, distance_by_neighborhood) VALUES ('b2', 'u3', 2, 2, '869.94 J58q', 'Estante 800.4', '{"Centro":"9.4km","Vila Prado":"8.1km","Cidade Aracy":"0.9km","Monjolinho":"11.6km"}'::jsonb);
INSERT INTO public.book_inventory (book_id, unit_id, available, total, call_number, shelf, distance_by_neighborhood) VALUES ('b3', 'u1', 2, 3, 'B869.3 M149d', 'Estante 800.1', '{"Centro":"1.2km","Vila Prado":"2.4km","Cidade Aracy":"8.5km","Monjolinho":"3.1km"}'::jsonb);
INSERT INTO public.book_inventory (book_id, unit_id, available, total, call_number, shelf, distance_by_neighborhood) VALUES ('b3', 'u2', 2, 2, 'B869.3 M149d', 'Estante 800.1', '{"Centro":"2.2km","Vila Prado":"0.8km","Cidade Aracy":"7.1km","Monjolinho":"4.8km"}'::jsonb);
INSERT INTO public.book_inventory (book_id, unit_id, available, total, call_number, shelf, distance_by_neighborhood) VALUES ('b3', 'u4', 1, 1, 'B869.3 M149d', 'Estante 800.1', '{"Centro":"3.9km","Vila Prado":"4.8km","Cidade Aracy":"10.7km","Monjolinho":"1.5km"}'::jsonb);
INSERT INTO public.book_inventory (book_id, unit_id, available, total, call_number, shelf, distance_by_neighborhood) VALUES ('b4', 'u1', 1, 1, 'B869.3 R788g', 'Estante 800.2', '{"Centro":"1.2km","Vila Prado":"2.4km","Cidade Aracy":"8.5km","Monjolinho":"3.1km"}'::jsonb);
INSERT INTO public.book_inventory (book_id, unit_id, available, total, call_number, shelf, distance_by_neighborhood) VALUES ('b4', 'u4', 2, 2, 'B869.3 R788g', 'Estante 800.2', '{"Centro":"3.9km","Vila Prado":"4.8km","Cidade Aracy":"10.7km","Monjolinho":"1.5km"}'::jsonb);
INSERT INTO public.book_inventory (book_id, unit_id, available, total, call_number, shelf, distance_by_neighborhood) VALUES ('b5', 'u3', 1, 1, 'B869.3 A994c', 'Estante 800.3', '{"Centro":"9.4km","Vila Prado":"8.1km","Cidade Aracy":"0.9km","Monjolinho":"11.6km"}'::jsonb);
INSERT INTO public.book_inventory (book_id, unit_id, available, total, call_number, shelf, distance_by_neighborhood) VALUES ('b6', 'u2', 1, 2, '869.3 S243e', 'Estante 800.6', '{"Centro":"2.2km","Vila Prado":"0.8km","Cidade Aracy":"7.1km","Monjolinho":"4.8km"}'::jsonb);
INSERT INTO public.book_inventory (book_id, unit_id, available, total, call_number, shelf, distance_by_neighborhood) VALUES ('b6', 'u4', 2, 2, '869.3 S243e', 'Estante 800.6', '{"Centro":"3.9km","Vila Prado":"4.8km","Cidade Aracy":"10.7km","Monjolinho":"1.5km"}'::jsonb);
INSERT INTO public.book_inventory (book_id, unit_id, available, total, call_number, shelf, distance_by_neighborhood) VALUES ('b7', 'u1', 2, 2, '869.3 R175v', 'Estante 800.2', '{"Centro":"1.2km","Vila Prado":"2.4km","Cidade Aracy":"8.5km","Monjolinho":"3.1km"}'::jsonb);
INSERT INTO public.book_inventory (book_id, unit_id, available, total, call_number, shelf, distance_by_neighborhood) VALUES ('b7', 'u2', 2, 2, '869.3 R175v', 'Estante 800.2', '{"Centro":"2.2km","Vila Prado":"0.8km","Cidade Aracy":"7.1km","Monjolinho":"4.8km"}'::jsonb);
INSERT INTO public.book_inventory (book_id, unit_id, available, total, call_number, shelf, distance_by_neighborhood) VALUES ('b7', 'u3', 1, 1, '869.3 R175v', 'Estante 800.2', '{"Centro":"9.4km","Vila Prado":"8.1km","Cidade Aracy":"0.9km","Monjolinho":"11.6km"}'::jsonb);
INSERT INTO public.book_inventory (book_id, unit_id, available, total, call_number, shelf, distance_by_neighborhood) VALUES ('b7', 'u4', 2, 2, '869.3 R175v', 'Estante 800.2', '{"Centro":"3.9km","Vila Prado":"4.8km","Cidade Aracy":"10.7km","Monjolinho":"1.5km"}'::jsonb);
INSERT INTO public.book_inventory (book_id, unit_id, available, total, call_number, shelf, distance_by_neighborhood) VALUES ('b8', 'u1', 1, 2, '909 H255s', 'Estante 900.2', '{"Centro":"1.2km","Vila Prado":"2.4km","Cidade Aracy":"8.5km","Monjolinho":"3.1km"}'::jsonb);
INSERT INTO public.book_inventory (book_id, unit_id, available, total, call_number, shelf, distance_by_neighborhood) VALUES ('b8', 'u4', 3, 4, '909 H255s', 'Estante 900.1', '{"Centro":"3.9km","Vila Prado":"4.8km","Cidade Aracy":"10.7km","Monjolinho":"1.5km"}'::jsonb);

-- Seed news_posts
INSERT INTO public.news_posts (id, category, date, title, source_label, source_url, summary, paragraphs) VALUES ('n1', 'Serviços', '2026-05-18', 'SIBiSC testa orientação digital para retirada de livros', 'Portal Oficial da Prefeitura de São Carlos', 'https://www.saocarlos.sp.gov.br/', 'A partir desta semana, usuários das bibliotecas de São Carlos podem consultar a disponibilidade e receber orientação de retirada diretamente no novo portal.', ARRAY['A Rede Municipal de Bibliotecas de São Carlos disponibiliza uma camada digital de consulta e orientação sobre o acervo. O sistema mostra a disponibilidade atualizada e direciona o usuário para a unidade indicada.', 'A iniciativa faz parte do programa de modernização da rede, que busca aproximar o acervo físico da rotina digital da população.', 'O prazo de empréstimo segue em 15 dias, com possibilidade de renovação conforme regras da unidade e disponibilidade do exemplar.']);
INSERT INTO public.news_posts (id, category, date, title, source_label, source_url, summary, paragraphs) VALUES ('n2', 'Acervo', '2026-05-14', 'Biblioteca Central recebe doacao de 3.000 volumes da USP', 'Assessoria SIBiSC', 'https://www.saocarlos.sp.gov.br/', 'O acervo técnico e científico amplia o acesso a obras de referência para estudantes e pesquisadores da cidade.', ARRAY['A Biblioteca Central recebeu uma nova coleção de livros técnicos, científicos e de referência por meio de parceria com a Universidade de São Paulo.', 'Os volumes contemplam areas como educacao, historia, sociologia, ciencias da informacao e saude publica.', 'A previsao do SIBiSC e concluir a catalogacao em etapas, priorizando as obras de maior demanda academica.']);
INSERT INTO public.news_posts (id, category, date, title, source_label, source_url, summary, paragraphs) VALUES ('n3', 'Eventos', '2026-05-11', 'Programacao cultural de junho 2026 e divulgada', 'Agenda Cultural SIBiSC', 'https://www.saocarlos.sp.gov.br/', 'Com o tema Ler e Resistir, o SIBiSC prepara atividades gratuitas para junho.', ARRAY['A agenda especial reunira rodas de leitura, oficinas para familias, encontros com autores e atividades voltadas a escolas publicas em junho.', 'As unidades da rede receberao acoes descentralizadas para aproximar a programacao cultural dos bairros.', 'A divulgação completa dos horários será feita no calendário oficial do novo web-app.']);
INSERT INTO public.news_posts (id, category, date, title, source_label, source_url, summary, paragraphs) VALUES ('n4', 'Inclusão', '2026-05-07', 'Projeto Leitura Digital capacita 200 idosos em São Carlos', 'Parceria SESC + SIBiSC', 'https://www.sescsp.org.br/', 'A parceria com o SESC formou novas turmas com foco em uso de e-readers, tablets e bibliotecas digitais.', ARRAY['O projeto de letramento digital voltado para idosos ampliou o numero de vagas e passou a atender novos bairros da cidade.', 'As aulas combinam uso de dispositivos móveis, navegação segura e acesso a conteúdos culturais e bibliográficos.', 'A proxima etapa preve turmas com foco em busca de informacao e uso do novo catalogo digital do SIBiSC.']);

-- Seed events
INSERT INTO public.events (id, category, date, start_time, end_time, title, audience, location_name, location_address, signup, description) VALUES ('e1', 'Infantil', '2026-06-03', '14:00', '15:30', 'Hora do Conto Infantil', 'Crianças (4-8 anos)', 'Biblioteca Central', 'Rua Episcopal, 1415 - Centro', 'Entrada franca', 'Contação de histórias para crianças de 4 a 8 anos com a contadora Claudia Borges. Tema da semana: Os Bichos da Mata Atlântica.');
INSERT INTO public.events (id, category, date, start_time, end_time, title, audience, location_name, location_address, signup, description) VALUES ('e2', 'Educação', '2026-06-05', '18:30', '20:00', 'Letramento Digital para a Terceira Idade', 'Idosos (60+)', 'Biblioteca Vila Prado', 'Rua Bernardino de Campos, 980 - Vila Prado', '15 vagas', 'Aula gratuita sobre uso de tablets, e-readers e bibliotecas digitais. Os participantes podem levar seus dispositivos ou usar os equipamentos da biblioteca.');
INSERT INTO public.events (id, category, date, start_time, end_time, title, audience, location_name, location_address, signup, description) VALUES ('e3', 'Clube do Livro', '2026-06-09', '10:00', '11:30', 'Clube do Livro: Vidas Secas', 'Adultos', 'Biblioteca Central', 'Rua Episcopal, 1415 - Centro', 'Aberto ao público', 'Encontro mensal para discutir Vidas Secas, de Graciliano Ramos. Vale participar mesmo sem leitura completa.');
INSERT INTO public.events (id, category, date, start_time, end_time, title, audience, location_name, location_address, signup, description) VALUES ('e4', 'Educação', '2026-06-11', '14:00', '16:00', 'Workshop de Pesquisa Acadêmica', 'Estudantes universitários', 'BibCom UFSCar', 'Rodovia Washington Luis, km 235 - Monjolinho', 'Inscrição online', 'Oficina prática sobre bases científicas, normas ABNT e ferramentas de gestão bibliográfica.');
INSERT INTO public.events (id, category, date, start_time, end_time, title, audience, location_name, location_address, signup, description) VALUES ('e5', 'Lançamento', '2026-06-13', '19:00', '20:30', 'Lançamento: Memórias de São Carlos', 'Público geral', 'Biblioteca Central', 'Rua Episcopal, 1415 - Centro', 'Sem inscrição', 'Sessão de autógrafos e conversa com o historiador Paulo Bicudo sobre a memória cultural da cidade.');
INSERT INTO public.events (id, category, date, start_time, end_time, title, audience, location_name, location_address, signup, description) VALUES ('e6', 'Infantil', '2026-06-16', '14:00', '15:30', 'Oficina de Origami para Crianças', 'Crianças (6-12 anos)', 'Biblioteca Cidade Aracy', 'Avenida Regit Arab, 420 - Cidade Aracy', 'Vagas limitadas', 'Oficina de dobradura japonesa com materiais fornecidos pela biblioteca.');
INSERT INTO public.events (id, category, date, start_time, end_time, title, audience, location_name, location_address, signup, description) VALUES ('e7', 'Clube do Livro', '2026-06-18', '16:00', '17:30', 'Roda de Leitura: Poesia Brasileira', 'Adultos e jovens', 'Biblioteca Vila Prado', 'Rua Bernardino de Campos, 980 - Vila Prado', 'Entrada franca', 'Leitura coletiva e conversa sobre Drummond, Manuel Bandeira e Adélia Prado.');
